Board Game,Players,Play Time
Terraforming Mars,1-5p,90-120min
Dune Imperium,1-4p,60-120min
Dinosaur Island ,1-4p,90-120min
Dinosaur World,2-4p,60-120min
Res Arcana,2-4p,30-60min
In the Hall of the Mountain King,2-5p,90min
Rival Restaurants,2-6p,45-60min
Dead of Winter: Long Night,2-5p,60-120min
Great Western Trail,2-4p,75-150min
The Godfather,2-5p,60-90min
Forgotten Waters,3-7p,120-240min
Champions of Midgard,2-4p,60-90min
Downforce,2-6p,30-45min
Camel Up,3-8p,30min
Star Wars: Outer Rim,1-4p,120-180min
Lost Ruins of Arnak,1-4p,30/Pmin
Empires of the North,1-4p,45-90min
Brew,2-4p,45-90min
Sonar,2-4p,30min
Takenoko,2-4p,45min
Via Nebula,2-4p,60min
Brass:Lancashire,2-4p,60-120min
Gloomhaven: Jaws of the Lion,1-4p,30-120min
King of Tokyo,2-6p,30min
Ticket to Ride,2-5p,30-60min
Horrified,1-5p,60min
Robinson Crusoe:AotCI,1-4p,60-120min
Sheriff of Nottingham,3-5p,60min
Tokaido,2-5p,45min